-- MySQL dump 10.13  Distrib 8.0.38, for Win64 (x86_64)
--
-- Host: 127.0.0.1    Database: danifernandes
-- ------------------------------------------------------
-- Server version	5.6.13

/*!40101 SET @OLD_CHARACTER_SET_CLIENT=@@CHARACTER_SET_CLIENT */;
/*!40101 SET @OLD_CHARACTER_SET_RESULTS=@@CHARACTER_SET_RESULTS */;
/*!40101 SET @OLD_COLLATION_CONNECTION=@@COLLATION_CONNECTION */;
/*!50503 SET NAMES utf8 */;
/*!40103 SET @OLD_TIME_ZONE=@@TIME_ZONE */;
/*!40103 SET TIME_ZONE='+00:00' */;
/*!40014 SET @OLD_UNIQUE_CHECKS=@@UNIQUE_CHECKS, UNIQUE_CHECKS=0 */;
/*!40014 SET @OLD_FOREIGN_KEY_CHECKS=@@FOREIGN_KEY_CHECKS, FOREIGN_KEY_CHECKS=0 */;
/*!40101 SET @OLD_SQL_MODE=@@SQL_MODE, SQL_MODE='NO_AUTO_VALUE_ON_ZERO' */;
/*!40111 SET @OLD_SQL_NOTES=@@SQL_NOTES, SQL_NOTES=0 */;

--
-- Table structure for table `aromas`
--

DROP TABLE IF EXISTS `aromas`;
/*!40101 SET @saved_cs_client     = @@character_set_client */;
/*!50503 SET character_set_client = utf8mb4 */;
CREATE TABLE `aromas` (
  `cod_aroma` varchar(4) DEFAULT NULL,
  `nome_aroma` varchar(255) DEFAULT NULL
) ENGINE=InnoDB DEFAULT CHARSET=latin1;
/*!40101 SET character_set_client = @saved_cs_client */;

--
-- Dumping data for table `aromas`
--

LOCK TABLES `aromas` WRITE;
/*!40000 ALTER TABLE `aromas` DISABLE KEYS */;
INSERT INTO `aromas` VALUES ('1','TENUE'),('2','LAVANDA'),('3','SWEET'),('4','FOLHAS VERDES'),('5','CRAVO E CANELA'),('6','FLEUR BLANCHE'),('7','VANILLA'),('8','BABY'),('10','CAPIM LIMAO'),('11','VERBENA E ALECRIM'),('13','FLOR DE FIGO'),('14','BLUE '),('16','MAGIC GARDEN'),('17','FOLHAS E ERVAS'),('19','BAMBOO'),('20','ORQUIDEA'),('21','MAÇA E CANELA'),('23','MAGNIFIQUE'),('24','ALECRIM'),('25','ROMA'),('26','FLOR DE ALGODAO'),('27','VERBENA E LIMAO'),('28','VERAO'),('29','CARDAMONO'),('31','LAMOUR'),('32','DOLCE MEMORIES'),('33','RAIZES DO BRASIL'),('M1','MASTERCHEF LIMAO YUZU'),('M2','MASTERCHEF BERGAMOTA');
/*!40000 ALTER TABLE `aromas` ENABLE KEYS */;
UNLOCK TABLES;

--
-- Table structure for table `historico_mudancas`
--

DROP TABLE IF EXISTS `historico_mudancas`;
/*!40101 SET @saved_cs_client     = @@character_set_client */;
/*!50503 SET character_set_client = utf8mb4 */;
CREATE TABLE `historico_mudancas` (
  `id` int(11) NOT NULL AUTO_INCREMENT,
  `id_usuario` int(11) NOT NULL,
  `usuario` varchar(255) NOT NULL,
  `tabela_alterada` varchar(255) NOT NULL,
  `tipo_mudanca` varchar(50) NOT NULL,
  `produto_id` int(11) DEFAULT NULL,
  `lote` varchar(255) DEFAULT NULL,
  `valor_movimentacao` varchar(255) DEFAULT NULL,
  `valor_antigo` varchar(255) NOT NULL,
  `local_armazenado` varchar(255) DEFAULT NULL,
  `coluna` varchar(255) DEFAULT NULL,
  `data_mudanca` timestamp NOT NULL DEFAULT CURRENT_TIMESTAMP,
  PRIMARY KEY (`id`)
) ENGINE=InnoDB AUTO_INCREMENT=22 DEFAULT CHARSET=latin1;
/*!40101 SET character_set_client = @saved_cs_client */;

--
-- Dumping data for table `historico_mudancas`
--

LOCK TABLES `historico_mudancas` WRITE;
/*!40000 ALTER TABLE `historico_mudancas` DISABLE KEYS */;
INSERT INTO `historico_mudancas` VALUES (1,1,'Victor G','lotes','entrada',1,'AP19080424','{\"quantidade\":200,\"quantidade_caixas\":\"10\"}','0','1','A1','2024-08-05 16:56:42'),(2,36,'Miguel','lotes','entrada',1,'AP19080424','{\"quantidade\":300,\"quantidade_caixas\":\"15\"}','{\"quantidade\":200,\"quantidade_caixas\":10}','1','A9','2024-08-05 17:09:02'),(3,36,'Miguel','lotes','saída',1,'AP19080424','{\"quantidade\":200,\"quantidade_caixas\":\"10\"}','{\"quantidade\":500}','1','A9','2024-08-05 17:09:21'),(4,1,'Victor G','lotes','entrada',1,'AP19082124','{\"quantidade\":200,\"quantidade_caixas\":\"10\"}','0','1','A9','2024-08-06 11:20:08'),(5,1,'Victor G','insumos','entrada',1,'NÃO POSSUI','{\"quantidade\":600}','0','3','A9','2024-08-14 18:37:39'),(6,1,'Victor G','insumos','entrada',1,'NÃO POSSUI','{\"quantidade\":200,\"quantidade_caixas\":\"10\"}','0','3','A9','2024-08-14 19:18:53'),(7,1,'Victor G','insumos','entrada',1,'NÃO POSSUI','{\"quantidade\":200,\"quantidade_caixas\":\"10\"}','0','3','A4','2024-08-14 19:22:15'),(9,1,'Victor G','lotes','entrada',1,'AP19081524','{\"quantidade\":40,\"quantidade_caixas\":\"2\"}','0','1','A5','2024-08-15 12:48:02'),(10,1,'Victor G','lotes','entrada',1,'AP19081524','{\"quantidade\":20,\"quantidade_caixas\":\"1\"}','{\"quantidade\":40,\"quantidade_caixas\":2}','1','A6','2024-08-15 13:01:49'),(11,1,'Victor G','lotes','entrada',1,'AP19081524','{\"quantidade\":20,\"quantidade_caixas\":\"1\"}','{\"quantidade\":60,\"quantidade_caixas\":3}','1','A5','2024-08-15 13:02:41'),(12,1,'Victor G','lotes','entrada',1,'AP19081524','{\"quantidade\":20,\"quantidade_caixas\":\"1\"}','{\"quantidade\":80,\"quantidade_caixas\":4}','1','C4','2024-08-15 13:17:17'),(13,1,'Victor G','lotes','entrada',1,'AP19081624','{\"quantidade\":20,\"quantidade_caixas\":\"1\"}','0','1','F4','2024-08-15 13:19:05'),(14,34,'Heber','lotes','entrada',1,'AP19082124','{\"quantidade\":20,\"quantidade_caixas\":\"1\"}','{\"quantidade\":200,\"quantidade_caixas\":10}','1','A7','2024-08-15 13:29:26'),(15,1,'Victor G','lotes','entrada',1,'AP19092724','{\"quantidade\":200,\"quantidade_caixas\":\"10\"}','0','1','A8','2024-08-15 13:32:55'),(16,1,'Victor G','insumos','entrada',1,'NÃO POSSUI','{\"quantidade\":20,\"quantidade_caixas\":\"1\"}','0','3','A6','2024-08-15 13:46:08'),(20,1,'Victor G','insumos','saída',1,'NÃO POSSUI','{\"quantidade\":20,\"quantidade_caixas\":\"1\"}','{\"quantidade\":160}','3','A6','2024-08-15 13:56:38'),(21,1,'Victor G','insumos','saída',1,'NÃO POSSUI','{\"quantidade\":20,\"quantidade_caixas\":\"1\"}','{\"quantidade\":140}','3','A6','2024-08-15 13:59:14');
/*!40000 ALTER TABLE `historico_mudancas` ENABLE KEYS */;
UNLOCK TABLES;

--
-- Table structure for table `insumos`
--

DROP TABLE IF EXISTS `insumos`;
/*!40101 SET @saved_cs_client     = @@character_set_client */;
/*!50503 SET character_set_client = utf8mb4 */;
CREATE TABLE `insumos` (
  `id` int(11) NOT NULL AUTO_INCREMENT,
  `nome` varchar(255) NOT NULL,
  `descricao` text,
  `estoque` int(11) DEFAULT NULL,
  `preco` decimal(10,2) NOT NULL,
  `tipo_id` int(11) DEFAULT NULL,
  `local_armazenado` int(11) DEFAULT NULL,
  `coluna` varchar(255) DEFAULT NULL,
  PRIMARY KEY (`id`),
  KEY `tipo_id` (`tipo_id`),
  KEY `local_armazenado` (`local_armazenado`),
  CONSTRAINT `insumos_ibfk_1` FOREIGN KEY (`tipo_id`) REFERENCES `tipo_insumo` (`id`),
  CONSTRAINT `insumos_ibfk_2` FOREIGN KEY (`local_armazenado`) REFERENCES `locais_armazenamento` (`id`)
) ENGINE=InnoDB AUTO_INCREMENT=2 DEFAULT CHARSET=latin1;
/*!40101 SET character_set_client = @saved_cs_client */;

--
-- Dumping data for table `insumos`
--

LOCK TABLES `insumos` WRITE;
/*!40000 ALTER TABLE `insumos` DISABLE KEYS */;
INSERT INTO `insumos` VALUES (1,'Frasco 250ml Retrô','Frasco Usado em algo',120,1.25,1,3,'A6');
/*!40000 ALTER TABLE `insumos` ENABLE KEYS */;
UNLOCK TABLES;

--
-- Table structure for table `lista_prateleira`
--

DROP TABLE IF EXISTS `lista_prateleira`;
/*!40101 SET @saved_cs_client     = @@character_set_client */;
/*!50503 SET character_set_client = utf8mb4 */;
CREATE TABLE `lista_prateleira` (
  `id` int(11) NOT NULL AUTO_INCREMENT,
  `produto_id` int(11) NOT NULL,
  `lote_id` int(11) NOT NULL,
  `quantidade` int(11) NOT NULL,
  `data_criacao` timestamp NOT NULL DEFAULT CURRENT_TIMESTAMP,
  `concluido` tinyint(1) DEFAULT '0',
  PRIMARY KEY (`id`),
  KEY `produto_id` (`produto_id`),
  KEY `lote_id` (`lote_id`),
  CONSTRAINT `lista_prateleira_ibfk_1` FOREIGN KEY (`produto_id`) REFERENCES `produtos` (`id`),
  CONSTRAINT `lista_prateleira_ibfk_2` FOREIGN KEY (`lote_id`) REFERENCES `lotes` (`id`)
) ENGINE=InnoDB DEFAULT CHARSET=latin1;
/*!40101 SET character_set_client = @saved_cs_client */;

--
-- Dumping data for table `lista_prateleira`
--

LOCK TABLES `lista_prateleira` WRITE;
/*!40000 ALTER TABLE `lista_prateleira` DISABLE KEYS */;
/*!40000 ALTER TABLE `lista_prateleira` ENABLE KEYS */;
UNLOCK TABLES;

--
-- Table structure for table `locais_armazenamento`
--

DROP TABLE IF EXISTS `locais_armazenamento`;
/*!40101 SET @saved_cs_client     = @@character_set_client */;
/*!50503 SET character_set_client = utf8mb4 */;
CREATE TABLE `locais_armazenamento` (
  `id` int(11) NOT NULL AUTO_INCREMENT,
  `nome_local` varchar(255) NOT NULL,
  `estoque_utilizado` int(11) DEFAULT NULL,
  `estoque_total` int(11) DEFAULT NULL,
  `quantidade_produtos` int(11) DEFAULT '0',
  `quantidade_insumos` int(11) DEFAULT '0',
  PRIMARY KEY (`id`)
) ENGINE=InnoDB AUTO_INCREMENT=4 DEFAULT CHARSET=latin1;
/*!40101 SET character_set_client = @saved_cs_client */;

--
-- Dumping data for table `locais_armazenamento`
--

LOCK TABLES `locais_armazenamento` WRITE;
/*!40000 ALTER TABLE `locais_armazenamento` DISABLE KEYS */;
INSERT INTO `locais_armazenamento` VALUES (1,'Barracão de Difusores',135,4040,340,0),(2,'Barracão de Sabonetes',0,2920,0,0),(3,'Barracão de Frascos',11,10000,0,180);
/*!40000 ALTER TABLE `locais_armazenamento` ENABLE KEYS */;
UNLOCK TABLES;

--
-- Table structure for table `lotes`
--

DROP TABLE IF EXISTS `lotes`;
/*!40101 SET @saved_cs_client     = @@character_set_client */;
/*!50503 SET character_set_client = utf8mb4 */;
CREATE TABLE `lotes` (
  `id` int(11) NOT NULL AUTO_INCREMENT,
  `produto_id` int(11) DEFAULT NULL,
  `nome_lote` varchar(255) DEFAULT NULL,
  `quantidade` int(11) DEFAULT NULL,
  `data_entrada` date DEFAULT NULL,
  `local_armazenado_id` int(11) DEFAULT NULL,
  `data_validade` date DEFAULT NULL,
  `data_fabricacao` date DEFAULT NULL,
  `coluna` varchar(50) DEFAULT NULL,
  `quantidade_caixas` int(11) DEFAULT '0',
  PRIMARY KEY (`id`),
  KEY `produto_id` (`produto_id`),
  KEY `local_armazenado_id` (`local_armazenado_id`),
  CONSTRAINT `lotes_ibfk_1` FOREIGN KEY (`produto_id`) REFERENCES `produtos` (`id`),
  CONSTRAINT `lotes_ibfk_2` FOREIGN KEY (`local_armazenado_id`) REFERENCES `locais_armazenamento` (`id`)
) ENGINE=InnoDB AUTO_INCREMENT=6 DEFAULT CHARSET=latin1;
/*!40101 SET character_set_client = @saved_cs_client */;

--
-- Dumping data for table `lotes`
--

LOCK TABLES `lotes` WRITE;
/*!40000 ALTER TABLE `lotes` DISABLE KEYS */;
INSERT INTO `lotes` VALUES (1,1,'AP19080424',300,'2024-08-05',1,'2027-06-01','2024-08-04','B8',15),(2,1,'AP19082124',220,'2024-08-06',1,'2028-08-01','2024-08-21','A7',11),(3,1,'AP19081524',100,'2024-08-15',1,'2024-09-01','0000-00-00','C4',5),(4,1,'AP19081624',20,'2024-08-15',1,'2025-08-01','0000-00-00','F4',1),(5,1,'AP19092724',200,'2024-08-15',1,'2027-05-01','2024-09-27','A8',10);
/*!40000 ALTER TABLE `lotes` ENABLE KEYS */;
UNLOCK TABLES;
/*!50003 SET @saved_cs_client      = @@character_set_client */ ;
/*!50003 SET @saved_cs_results     = @@character_set_results */ ;
/*!50003 SET @saved_col_connection = @@collation_connection */ ;
/*!50003 SET character_set_client  = utf8mb4 */ ;
/*!50003 SET character_set_results = utf8mb4 */ ;
/*!50003 SET collation_connection  = utf8mb4_general_ci */ ;
/*!50003 SET @saved_sql_mode       = @@sql_mode */ ;
/*!50003 SET sql_mode              = 'NO_ENGINE_SUBSTITUTION' */ ;
DELIMITER ;;
/*!50003 CREATE*/ /*!50017 DEFINER=`root`@`localhost`*/ /*!50003 TRIGGER after_lotes_insert
AFTER INSERT ON lotes
FOR EACH ROW
BEGIN
  -- Atualiza o estoque total na tabela produtos
  UPDATE produtos
  SET estoque_total = estoque_total + NEW.quantidade
  WHERE id = NEW.produto_id;

  -- Adiciona a quantidade de produtos ao local de armazenamento
  UPDATE locais_armazenamento
  SET quantidade_produtos = quantidade_produtos + IFNULL(NEW.quantidade, 0),
      estoque_utilizado = estoque_utilizado + IFNULL(NEW.quantidade_caixas, 0)
  WHERE id = NEW.local_armazenado_id;
  
END */;;
DELIMITER ;
/*!50003 SET sql_mode              = @saved_sql_mode */ ;
/*!50003 SET character_set_client  = @saved_cs_client */ ;
/*!50003 SET character_set_results = @saved_cs_results */ ;
/*!50003 SET collation_connection  = @saved_col_connection */ ;
/*!50003 SET @saved_cs_client      = @@character_set_client */ ;
/*!50003 SET @saved_cs_results     = @@character_set_results */ ;
/*!50003 SET @saved_col_connection = @@collation_connection */ ;
/*!50003 SET character_set_client  = utf8mb4 */ ;
/*!50003 SET character_set_results = utf8mb4 */ ;
/*!50003 SET collation_connection  = utf8mb4_general_ci */ ;
/*!50003 SET @saved_sql_mode       = @@sql_mode */ ;
/*!50003 SET sql_mode              = 'NO_ENGINE_SUBSTITUTION' */ ;
DELIMITER ;;
/*!50003 CREATE*/ /*!50017 DEFINER=`root`@`localhost`*/ /*!50003 TRIGGER after_lotes_update
AFTER UPDATE ON lotes
FOR EACH ROW
BEGIN
  DECLARE qty_diff INT;
  SET qty_diff = NEW.quantidade - OLD.quantidade;

  -- Atualiza o estoque total na tabela produtos
  UPDATE produtos
  SET estoque_total = estoque_total + qty_diff
  WHERE id = NEW.produto_id;

  -- Verifica se o local de armazenamento foi alterado
  IF NEW.local_armazenado_id <> OLD.local_armazenado_id THEN
    
    -- Adiciona a quantidade de caixas e produtos ao novo local
    UPDATE locais_armazenamento
    SET estoque_utilizado = estoque_utilizado + IFNULL(NEW.quantidade_caixas, 0),
        quantidade_produtos = quantidade_produtos + IFNULL(NEW.quantidade, 0)
    WHERE id = NEW.local_armazenado_id;

    -- Subtrai a quantidade de caixas e produtos do antigo local
    UPDATE locais_armazenamento
    SET estoque_utilizado = estoque_utilizado - IFNULL(OLD.quantidade_caixas, 0),
        quantidade_produtos = quantidade_produtos - IFNULL(OLD.quantidade, 0)
    WHERE id = OLD.local_armazenado_id;

  ELSE
    -- Atualiza somente a quantidade de produtos e caixas se o local não foi alterado
    UPDATE locais_armazenamento
    SET estoque_utilizado = estoque_utilizado + qty_diff,
        quantidade_produtos = quantidade_produtos + qty_diff
    WHERE id = NEW.local_armazenado_id;
  END IF;
END */;;
DELIMITER ;
/*!50003 SET sql_mode              = @saved_sql_mode */ ;
/*!50003 SET character_set_client  = @saved_cs_client */ ;
/*!50003 SET character_set_results = @saved_cs_results */ ;
/*!50003 SET collation_connection  = @saved_col_connection */ ;
/*!50003 SET @saved_cs_client      = @@character_set_client */ ;
/*!50003 SET @saved_cs_results     = @@character_set_results */ ;
/*!50003 SET @saved_col_connection = @@collation_connection */ ;
/*!50003 SET character_set_client  = utf8mb4 */ ;
/*!50003 SET character_set_results = utf8mb4 */ ;
/*!50003 SET collation_connection  = utf8mb4_general_ci */ ;
/*!50003 SET @saved_sql_mode       = @@sql_mode */ ;
/*!50003 SET sql_mode              = 'NO_ENGINE_SUBSTITUTION' */ ;
DELIMITER ;;
/*!50003 CREATE*/ /*!50017 DEFINER=`root`@`localhost`*/ /*!50003 TRIGGER after_lotes_delete
AFTER DELETE ON lotes
FOR EACH ROW
BEGIN
  -- Atualiza o estoque total na tabela produtos
  UPDATE produtos
  SET estoque_total = estoque_total - OLD.quantidade
  WHERE id = OLD.produto_id;

  -- Subtrai a quantidade de produtos e caixas do local de armazenamento
  UPDATE locais_armazenamento
  SET quantidade_produtos = quantidade_produtos - IFNULL(OLD.quantidade, 0),
      estoque_utilizado = estoque_utilizado - IFNULL(OLD.quantidade_caixas, 0)
  WHERE id = OLD.local_armazenado_id;
  
END */;;
DELIMITER ;
/*!50003 SET sql_mode              = @saved_sql_mode */ ;
/*!50003 SET character_set_client  = @saved_cs_client */ ;
/*!50003 SET character_set_results = @saved_cs_results */ ;
/*!50003 SET collation_connection  = @saved_col_connection */ ;

--
-- Table structure for table `produtos`
--

DROP TABLE IF EXISTS `produtos`;
/*!40101 SET @saved_cs_client     = @@character_set_client */;
/*!50503 SET character_set_client = utf8mb4 */;
CREATE TABLE `produtos` (
  `id` int(11) NOT NULL AUTO_INCREMENT,
  `nome` varchar(255) NOT NULL,
  `descricao` text,
  `categoria_id` int(11) DEFAULT NULL,
  `estoque_total` int(11) DEFAULT '0',
  `data_criacao` timestamp NOT NULL DEFAULT CURRENT_TIMESTAMP,
  `cod_aroma` varchar(4) DEFAULT NULL,
  `unidade` varchar(5) DEFAULT NULL,
  `preco` decimal(6,2) DEFAULT NULL,
  PRIMARY KEY (`id`),
  KEY `categoria_id` (`categoria_id`),
  CONSTRAINT `produtos_ibfk_1` FOREIGN KEY (`categoria_id`) REFERENCES `tipo_produto` (`id`)
) ENGINE=InnoDB AUTO_INCREMENT=295 DEFAULT CHARSET=latin1;
/*!40101 SET character_set_client = @saved_cs_client */;

--
-- Dumping data for table `produtos`
--

LOCK TABLES `produtos` WRITE;
/*!40000 ALTER TABLE `produtos` DISABLE KEYS */;
INSERT INTO `produtos` VALUES (1,'AGUA PERFUMADA BAMBOO 500ML','Bamboo',1,840,'2024-07-18 13:27:23','19','UN',12.00),(2,'AGUA PERFUMADA BLUE 500ML',NULL,1,0,'2024-07-18 13:27:23','14','UN',0.00),(3,'AGUA PERFUMADA FLOR DE ALGODAO 510 ML',NULL,1,0,'2024-07-18 13:27:23','26','UN',0.00),(4,'AGUA PERFUMADA FLOR DE FIGO 500ML',NULL,1,0,'2024-07-18 13:27:23','13','UN',0.00),(5,'AGUA PERFUMADA LAVANDA 500ML',NULL,1,0,'2024-07-18 13:27:23','2','UN',0.00),(6,'AGUA PERFUMADA ORQUIDEA 510 ML',NULL,1,0,'2024-07-18 13:27:23','20','UN',0.00),(7,'AGUA PERFUMADA ROMA 510 ML',NULL,1,0,'2024-07-18 13:27:23','25','UN',0.00),(8,'AGUA PERFUMADA TENUE 500ML',NULL,1,0,'2024-07-18 13:27:23','1','UN',0.00),(9,'AGUA PERFUMADA VERBENA E LIMAO SICILIANO 510 ML',NULL,1,0,'2024-07-18 13:27:23','27','UN',0.00),(10,'ALCOOL ETILICO 70 60ML',NULL,2,0,'2024-07-18 13:27:23',NULL,'UN',0.00),(11,'ALCOOL ETILICO 70 250ML',NULL,2,0,'2024-07-18 13:27:23',NULL,'UN',0.00),(12,'ALCOOL ETILICO 70 500ML',NULL,2,0,'2024-07-18 13:27:23',NULL,'UN',0.00),(13,'ALCOOL GEL 350ML FLOR DE ALGODAO',NULL,2,0,'2024-07-18 13:27:23','26','UN',0.00),(14,'ARMACAO DE ACO DOURADA',NULL,3,0,'2024-07-18 13:27:23',NULL,'UN',0.00),(15,'ARMACAO DE ACO PRATA',NULL,3,0,'2024-07-18 13:27:23',NULL,'UN',0.00),(16,'AROMATIZADOR DE AMBIENTE HOME SPRAY FLOR DE FIGO 250 ML',NULL,4,0,'2024-07-18 13:27:23','13','UN',0.00),(17,'AROMATIZADOR DE AMBIENTE HOME SPRAY ROMA 250 ML',NULL,4,0,'2024-07-18 13:27:23','25','UN',0.00),(18,'AROMATIZADOR DE AMBIENTE HOME SPRAY TENUE 250 ML',NULL,4,0,'2024-07-18 13:27:23','1','UN',0.00),(19,'AROMATIZADOR DE AMBIENTE HOME SPRAY VERBENA E LIMAO SICILIANO 250 ML',NULL,4,0,'2024-07-18 13:27:23','27','UN',0.00),(20,'BANDEJA EM CERAMICA RAIZES DO BRASIL',NULL,5,0,'2024-07-18 13:27:23','33','UN',0.00),(21,'BODY SPLASH FLOR DE FIGO 220 ML',NULL,6,0,'2024-07-18 13:27:23','13','UN',0.00),(22,'BODY SPLASH LAMOUR DE SOI 220ML',NULL,6,0,'2024-07-18 13:27:23','31','UN',0.00),(23,'BODY SPLASH ROMA 220 ML',NULL,6,0,'2024-07-18 13:27:23','25','UN',0.00),(24,'BODY SPLASH TENUE 220 ML',NULL,6,0,'2024-07-18 13:27:23','1','UN',0.00),(25,'BODY SPLASH VERBENA E LIMAO SICILIANO 220 ML',NULL,6,0,'2024-07-18 13:27:23','27','UN',0.00),(26,'CREME PARA AS MAOS CAIXA KIT COM 04 UNIDADES 60 G CADA',NULL,7,0,'2024-07-18 13:27:23',NULL,'UN',0.00),(27,'CREME PARA AS MAOS FLOR DE FIGO 60 G',NULL,7,0,'2024-07-18 13:27:23','13','UN',0.00),(28,'CREME PARA AS MAOS ROMA 60 G',NULL,7,0,'2024-07-18 13:27:23','25','UN',0.00),(29,'CREME PARA AS MAOS TENUE 60 G',NULL,7,0,'2024-07-18 13:27:23','1','UN',0.00),(30,'CREME PARA AS MAOS VERBENA E LIMAO SICILIANO 60 G',NULL,7,0,'2024-07-18 13:27:23','27','UN',0.00),(31,'DIFUSOR DE AROMAS ALECRIM 120 ML OLEO',NULL,8,0,'2024-07-18 13:27:23','24','UN',0.00),(32,'DIFUSOR DE AROMAS ALECRIM 250 ML',NULL,8,0,'2024-07-18 13:27:23','24','UN',0.00),(33,'DIFUSOR DE AROMAS BLUE 250 ML OLEO',NULL,8,0,'2024-07-18 13:27:23','14','UN',0.00),(34,'DIFUSOR DE AROMAS CAPIM LIMAO 250 ML OLEO',NULL,8,0,'2024-07-18 13:27:23','10','UN',0.00),(35,'DIFUSOR DE AROMAS CLASSIC BABY 250ML',NULL,8,0,'2024-07-18 13:27:23','8','UN',0.00),(36,'DIFUSOR DE AROMAS CRAVO E CANELA 250 ML OLEO',NULL,8,0,'2024-07-18 13:27:23','5','UN',0.00),(37,'DIFUSOR DE AROMAS FLEUR BLANCHE 250 ML OLEO',NULL,8,0,'2024-07-18 13:27:23','6','UN',0.00),(38,'DIFUSOR DE AROMAS FLEUR BLANCHE 700 ML OLEO',NULL,8,0,'2024-07-18 13:27:23','6','UN',0.00),(39,'DIFUSOR DE AROMAS FLOR DE ALGODAO 300ML OLEO',NULL,8,0,'2024-07-18 13:27:23','26','UN',0.00),(40,'DIFUSOR DE AROMAS FLOR DE FIGO 120 ML OLEO',NULL,8,0,'2024-07-18 13:27:23','13','UN',0.00),(41,'DIFUSOR DE AROMAS FLOR DE FIGO 300 ML OLEO',NULL,8,0,'2024-07-18 13:27:23','13','UN',0.00),(42,'DIFUSOR DE AROMAS FLOR DE FIGO 700 ML OLEO',NULL,8,0,'2024-07-18 13:27:23','13','UN',0.00),(43,'DIFUSOR DE AROMAS FOLHA VERDES 250ML OLEO',NULL,8,0,'2024-07-18 13:27:23','4','UN',0.00),(44,'DIFUSOR DE AROMAS LAVANDA 250 ML OLEO',NULL,8,0,'2024-07-18 13:27:23','2','UN',0.00),(45,'DIFUSOR DE AROMAS MACA E CANELA 250ML OLEO',NULL,8,0,'2024-07-18 13:27:23','21','UN',0.00),(46,'DIFUSOR DE AROMAS MAGIC GARDEN 200 ML OLEO',NULL,8,0,'2024-07-18 13:27:23','16','UN',0.00),(47,'DIFUSOR DE AROMAS MAGNIFIQUE 200ML OLEO',NULL,8,0,'2024-07-18 13:27:23','23','UN',0.00),(48,'DIFUSOR DE AROMAS MASTERCHEF 200 ML',NULL,8,0,'2024-07-18 13:27:23',NULL,'UN',0.00),(49,'DIFUSOR DE AROMAS ORQUIDEA 210 ML OLEO',NULL,8,0,'2024-07-18 13:27:23','20','UN',0.00),(50,'DIFUSOR DE AROMAS ORQUIDEA 250 ML OLEO',NULL,8,0,'2024-07-18 13:27:23','20','UN',0.00),(51,'DIFUSOR DE AROMAS ROMA 120ML OLEO',NULL,8,0,'2024-07-18 13:27:23','25','UN',0.00),(52,'DIFUSOR DE AROMAS ROMA 250ML OLEO',NULL,8,0,'2024-07-18 13:27:23','25','UN',0.00),(53,'DIFUSOR DE AROMAS ROMA 700 ML OLEO',NULL,8,0,'2024-07-18 13:27:23','25','UN',0.00),(54,'DIFUSOR DE AROMAS SAGRADA FAMILIA 250ML OLEO',NULL,8,0,'2024-07-18 13:27:23','25','UN',0.00),(55,'DIFUSOR DE AROMAS SWEET 300 ML OLEO',NULL,8,0,'2024-07-18 13:27:23','3','UN',0.00),(56,'DIFUSOR DE AROMAS TENUE 120 ML OLEO',NULL,8,0,'2024-07-18 13:27:23','1','UN',0.00),(57,'DIFUSOR DE AROMAS TENUE 210 ML OLEO',NULL,8,0,'2024-07-18 13:27:23','1','UN',0.00),(58,'DIFUSOR DE AROMAS TENUE 250 ML OLEO',NULL,8,0,'2024-07-18 13:27:23','1','UN',0.00),(59,'DIFUSOR DE AROMAS TENUE 350ML OLEO',NULL,8,0,'2024-07-18 13:27:23','1','UN',0.00),(60,'DIFUSOR DE AROMAS TENUE 700 ML OLEO',NULL,8,0,'2024-07-18 13:27:23','1','UN',0.00),(61,'DIFUSOR DE AROMAS VANILLA 250ML OLEO',NULL,8,0,'2024-07-18 13:27:23','7','UN',0.00),(62,'DIFUSOR DE AROMAS VERAO 250ML OLEO',NULL,8,0,'2024-07-18 13:27:23','28','UN',0.00),(63,'DIFUSOR DE AROMAS VERBENA E ALECRIM 300 ML OLEO',NULL,8,0,'2024-07-18 13:27:23','11','UN',0.00),(64,'DIFUSOR DE AROMAS VERBENA E ALECRIM 700ML OLEO',NULL,8,0,'2024-07-18 13:27:23','11','UN',0.00),(65,'DIFUSOR FOLHAS E ERVAS 350 ML OLEO',NULL,8,0,'2024-07-18 13:27:23','17','UN',0.00),(66,'DIFUSOR VERBENA E LIMAO SICILIANO 300 ML OLEO',NULL,8,0,'2024-07-18 13:27:23','27','UN',0.00),(67,'ENVELOPE DE MINERAL PERFUMADO 15 G ALECRIM',NULL,9,0,'2024-07-18 13:27:23','24','UN',0.00),(68,'ENVELOPE DE MINERAL PERFUMADO 15 G BABY',NULL,9,0,'2024-07-18 13:27:23','8','UN',0.00),(69,'ENVELOPE DE MINERAL PERFUMADO 15 G FLOR DE ALGODAO',NULL,9,0,'2024-07-18 13:27:23','26','UN',0.00),(70,'ENVELOPE DE MINERAL PERFUMADO 15 G LAVANDA',NULL,9,0,'2024-07-18 13:27:23','2','UN',0.00),(71,'ENVELOPE DE MINERAL PERFUMADO 15 G ORQUIDEA',NULL,9,0,'2024-07-18 13:27:23','20','UN',0.00),(72,'ENVELOPE DE MINERAL PERFUMADO 15 G VERAO',NULL,9,0,'2024-07-18 13:27:23','28','UN',0.00),(73,'ESSENCIA FLOR DE FIGO 15 ML',NULL,10,0,'2024-07-18 13:27:23','13','UN',0.00),(74,'ESSENCIA ROMA 15 ML',NULL,10,0,'2024-07-18 13:27:23','25','UN',0.00),(75,'ESSENCIA TENUE 15 ML',NULL,10,0,'2024-07-18 13:27:23','1','UN',0.00),(76,'ESSENCIA VERBENA E LIMAO SICILIANO',NULL,10,0,'2024-07-18 13:27:23','27','UN',0.00),(77,'HOME SPRAY TENUE 120 ML',NULL,11,0,'2024-07-18 13:27:23','1','UN',0.00),(78,'HOME SPRAY BAMBOO 210 ML',NULL,11,0,'2024-07-18 13:27:23','19','UN',0.00),(79,'HOME SPRAY CLASSIC BABY 120ML',NULL,11,0,'2024-07-18 13:27:23','8','UN',0.00),(80,'HOME SPRAY FOLHAS VERDES 120 ML',NULL,11,0,'2024-07-18 13:27:23','4','UN',0.00),(81,'HOME SPRAY LAVANDA 120 ML',NULL,11,0,'2024-07-18 13:27:23','2','UN',0.00),(82,'HOME SPRAY MAGIC GARDEN 200 ML',NULL,11,0,'2024-07-18 13:27:23','16','UN',0.00),(83,'HOME SPRAY NEUTRALIZADOR DE ODORES 250 ML',NULL,11,0,'2024-07-18 13:27:23',NULL,'UN',0.00),(84,'HOME SPRAY NEUTRALIZADOR DE ODORES MASTERCHEF 250 ML',NULL,11,0,'2024-07-18 13:27:23',NULL,'UN',0.00),(85,'HOME SPRAY NEUTRALIZADOR DE ODORES MASTERCHEF BERGAMOTA ITALIANA E ERVAS FINAS 250 ML',NULL,11,0,'2024-07-18 13:27:23',NULL,'UN',0.00),(86,'KIT BODY SPLASH SABONETE E LOCAO PERFUMADA LAMOUR DE SOI',NULL,12,0,'2024-07-18 13:27:23','31','UN',0.00),(87,'KIT DIFUSOR FAIANCA',NULL,12,0,'2024-07-18 13:27:23',NULL,'UN',0.00),(88,'KIT PRESENTEAVEL AROMA FLOR DE FIGO',NULL,12,0,'2024-07-18 13:27:23','13','UN',0.00),(89,'KIT PRESENTEAVEL AROMA TENUE',NULL,12,0,'2024-07-18 13:27:23','1','UN',0.00),(90,'KIT VELA PERFUMADA MASTERCHEF 50G CADA',NULL,12,0,'2024-07-18 13:27:23',NULL,'UN',0.00),(91,'LOCAO PERFUMADA DESODORANTE CORPORAL LAMOUR DE SOI 300ML',NULL,13,0,'2024-07-18 13:27:23','31','UN',0.00),(92,'MINI DIFUSOR FOLHAS VERDES 30ML OLEO',NULL,8,0,'2024-07-18 13:27:23','4','UN',0.00),(93,'MINI DIFUSOR TENUE 30ML OLEO',NULL,8,0,'2024-07-18 13:27:23','1','UN',0.00),(94,'OLEO DIFUSOR DE AROMAS CANALETTO 250ML',NULL,8,0,'2024-07-18 13:27:23','32','UN',0.00),(95,'OLEO DIFUSOR DE AROMAS CEZANNE 250ML',NULL,8,0,'2024-07-18 13:27:23','32','UN',0.00),(96,'OLEO DIFUSOR DE AROMAS DEGAS 250ML',NULL,8,0,'2024-07-18 13:27:23','32','UN',0.00),(97,'OLEO DIFUSOR DE AROMAS FLOR DE ALGODAO MAE QUERIDA 210 ML',NULL,8,0,'2024-07-18 13:27:23','26','UN',0.00),(98,'OLEO DIFUSOR DE AROMAS FLOR DE FIGO 500 ML',NULL,8,0,'2024-07-18 13:27:23','13','UN',0.00),(99,'OLEO DIFUSOR DE AROMAS FLOR DE FIGO MAE QUERIDA 210 ML',NULL,8,0,'2024-07-18 13:27:23','13','UN',0.00),(100,'OLEO DIFUSOR DE AROMAS MANET 250ML',NULL,8,0,'2024-07-18 13:27:23','32','UN',0.00),(101,'OLEO DIFUSOR DE AROMAS MASTERCHEF BERGAMOTA ITALIANA E ERVAS FINAS 200 ML',NULL,8,0,'2024-07-18 13:27:23',NULL,'UN',0.00),(102,'OLEO DIFUSOR DE AROMAS MONET 250ML',NULL,8,0,'2024-07-18 13:27:23','32','UN',0.00),(103,'OLEO DIFUSOR DE AROMAS PISSARO 250ML',NULL,8,0,'2024-07-18 13:27:23','32','UN',0.00),(104,'OLEO DIFUSOR DE AROMAS RAIZES DO BRASIL 500 ML',NULL,8,0,'2024-07-18 13:27:23','33','UN',0.00),(105,'OLEO DIFUSOR DE AROMAS RENOIR 250ML',NULL,8,0,'2024-07-18 13:27:23','32','UN',0.00),(106,'OLEO DIFUSOR DE AROMAS ROMA 500 ML',NULL,8,0,'2024-07-18 13:27:23','25','UN',0.00),(107,'OLEO DIFUSOR DE AROMAS SEURAT 250ML',NULL,8,0,'2024-07-18 13:27:23','32','UN',0.00),(108,'OLEO DIFUSOR DE AROMAS TENUE 500 ML',NULL,8,0,'2024-07-18 13:27:23','1','UN',0.00),(109,'OLEO DIFUSOR DE AROMAS TENUE MAE QUERIDA 210 ML',NULL,8,0,'2024-07-18 13:27:23','1','UN',0.00),(110,'OLEO DIFUSOR DE AROMAS TURNER 250ML',NULL,8,0,'2024-07-18 13:27:23','32','UN',0.00),(111,'OLEO DIFUSOR DE AROMAS VAN GOGH 250ML',NULL,8,0,'2024-07-18 13:27:23','32','UN',0.00),(112,'OLEO DIFUSOR DE AROMAS VERBENA E LIMAO SICILIANO 500 ML',NULL,8,0,'2024-07-18 13:27:23','27','UN',0.00),(113,'PARFUM LAMOUR DE SOI 100 ML',NULL,14,0,'2024-07-18 13:27:23','31','UN',0.00),(114,'POTPOURRI COMPOSICAO BOTANICA DE FLORES FOLHAS E CASCAS SECAS',NULL,15,0,'2024-07-18 13:27:23',NULL,'UN',0.00),(115,'PROVADORES MASTERCHEF BERGAMOTA ITALIANA E ERVAS FINAS 15 ML',NULL,16,0,'2024-07-18 13:27:23',NULL,'UN',0.00),(116,'PROVADORES AROMAS RAIZES DO BRASIL 15 ML',NULL,16,0,'2024-07-18 13:27:23','33','UN',0.00),(117,'PROVADORES CARDAMOMO E NOZ MOSCADA 15ML',NULL,16,0,'2024-07-18 13:27:23',NULL,'UN',0.00),(118,'PROVADORES DOLCE MEMORIES 15ML',NULL,16,0,'2024-07-18 13:27:23','32','UN',0.00),(119,'PROVADORES LAMOUR DE SOI 15ML',NULL,16,0,'2024-07-18 13:27:23','31','UN',0.00),(120,'PROVADORES OLEO BAMBOO 15ML',NULL,16,0,'2024-07-18 13:27:23','19','UN',0.00),(121,'PROVADORES OLEO DIFUSOR ALECRIM 15ML',NULL,16,0,'2024-07-18 13:27:23','24','UN',0.00),(122,'PROVADORES OLEO DIFUSOR BABY 15ML',NULL,16,0,'2024-07-18 13:27:23','8','UN',0.00),(123,'PROVADORES OLEO DIFUSOR BLUE 15ML',NULL,16,0,'2024-07-18 13:27:23','14','UN',0.00),(124,'PROVADORES OLEO DIFUSOR CAPIM LIMAO 15ML',NULL,16,0,'2024-07-18 13:27:23','10','UN',0.00),(125,'PROVADORES OLEO DIFUSOR CRAVO E CANELA 15ML',NULL,16,0,'2024-07-18 13:27:23','5','UN',0.00),(126,'PROVADORES OLEO DIFUSOR FLEUR BLANCHE 15ML',NULL,16,0,'2024-07-18 13:27:23','6','UN',0.00),(127,'PROVADORES OLEO DIFUSOR FLOR DE ALGODAO 15ML',NULL,16,0,'2024-07-18 13:27:23','26','UN',0.00),(128,'PROVADORES OLEO DIFUSOR FLOR DE FIGO 15ML',NULL,16,0,'2024-07-18 13:27:23','13','UN',0.00),(129,'PROVADORES OLEO DIFUSOR FOLHAS E ERVAS 15ML',NULL,16,0,'2024-07-18 13:27:23','17','UN',0.00),(130,'PROVADORES OLEO DIFUSOR FOLHAS VERDES 15ML',NULL,16,0,'2024-07-18 13:27:23','4','UN',0.00),(131,'PROVADORES OLEO DIFUSOR LAVANDA 15ML',NULL,16,0,'2024-07-18 13:27:23','2','UN',0.00),(132,'PROVADORES OLEO DIFUSOR LIMAO YUZU E PIMENTA ROSA 15 ML',NULL,16,0,'2024-07-18 13:27:23',NULL,'UN',0.00),(133,'PROVADORES OLEO DIFUSOR MACA E CANELA 15ML',NULL,16,0,'2024-07-18 13:27:23','21','UN',0.00),(134,'PROVADORES OLEO DIFUSOR MAGIC GARDEN 15ML',NULL,16,0,'2024-07-18 13:27:23','16','UN',0.00),(135,'PROVADORES OLEO DIFUSOR MAGNIFIQUE 15ML',NULL,16,0,'2024-07-18 13:27:23','23','UN',0.00),(136,'PROVADORES OLEO DIFUSOR ORQUIDEA 15ML',NULL,16,0,'2024-07-18 13:27:23','20','UN',0.00),(137,'PROVADORES OLEO DIFUSOR ROMA 15ML',NULL,16,0,'2024-07-18 13:27:23','25','UN',0.00),(138,'PROVADORES OLEO DIFUSOR SWEET 15ML',NULL,16,0,'2024-07-18 13:27:23','3','UN',0.00),(139,'PROVADORES OLEO DIFUSOR TENUE 15ML',NULL,16,0,'2024-07-18 13:27:23','1','UN',0.00),(140,'PROVADORES OLEO DIFUSOR VANILLA 15ML',NULL,16,0,'2024-07-18 13:27:23','7','UN',0.00),(141,'PROVADORES OLEO DIFUSOR VERAO 15ML',NULL,16,0,'2024-07-18 13:27:23','28','UN',0.00),(142,'PROVADORES OLEO DIFUSOR VERBENA E ALECRIM 15ML',NULL,16,0,'2024-07-18 13:27:23','11','UN',0.00),(143,'PROVADORES OLEO DIFUSOR VERBENA E LIMAO SICILIANO 15ML',NULL,16,0,'2024-07-18 13:27:23','27','UN',0.00),(144,'PROVADORES PARFUM LAMOUR DE SOI 15 ML',NULL,16,0,'2024-07-18 13:27:23','31','UN',0.00),(145,'REFIL 250 ML DIFUSOR AROMA ALECRIM OLEO',NULL,17,0,'2024-07-18 13:27:23','24','UN',0.00),(146,'REFIL 250 ML DIFUSOR AROMA BABY OLEO',NULL,17,0,'2024-07-18 13:27:23','8','UN',0.00),(147,'REFIL 250 ML DIFUSOR AROMA BLUE OLEO',NULL,17,0,'2024-07-18 13:27:23','14','UN',0.00),(148,'REFIL 250 ML DIFUSOR AROMA BOTANIC OLEO',NULL,17,0,'2024-07-18 13:27:23',NULL,'UN',0.00),(149,'REFIL 250 ML DIFUSOR AROMA CAPIM LIMAO OLEO',NULL,17,0,'2024-07-18 13:27:23','10','UN',0.00),(150,'REFIL 250 ML DIFUSOR AROMA CRAVO E CANELA OLEO',NULL,17,0,'2024-07-18 13:27:23','5','UN',0.00),(151,'REFIL 250 ML DIFUSOR AROMA DOLCE MEMORIES OLEO',NULL,17,0,'2024-07-18 13:27:23','32','UN',0.00),(152,'REFIL 250 ML DIFUSOR AROMA FLOR DE ALGODAO OLEO',NULL,17,0,'2024-07-18 13:27:23','26','UN',0.00),(153,'REFIL 250 ML DIFUSOR AROMA FLOR DE FIGO OLEO',NULL,17,0,'2024-07-18 13:27:23','13','UN',0.00),(154,'REFIL 250 ML DIFUSOR AROMA FOLHAS E ERVAS OLEO',NULL,17,0,'2024-07-18 13:27:23','17','UN',0.00),(155,'REFIL 250 ML DIFUSOR AROMA FOLHAS VERDES OLEO',NULL,17,0,'2024-07-18 13:27:23','4','UN',0.00),(156,'REFIL 250 ML DIFUSOR AROMA LAVANDA OLEO',NULL,17,0,'2024-07-18 13:27:23','2','UN',0.00),(157,'REFIL 250 ML DIFUSOR AROMA LIBERTE OLEO',NULL,17,0,'2024-07-18 13:27:23',NULL,'UN',0.00),(158,'REFIL 250 ML DIFUSOR AROMA MACA E CANELA OLEO',NULL,17,0,'2024-07-18 13:27:23','21','UN',0.00),(159,'REFIL 250 ML DIFUSOR AROMA MAGIC GARDEN OLEO',NULL,17,0,'2024-07-18 13:27:23','16','UN',0.00),(160,'REFIL 250 ML DIFUSOR AROMA MAGNIFIQUE OLEO',NULL,17,0,'2024-07-18 13:27:23','23','UN',0.00),(161,'REFIL 250 ML DIFUSOR AROMA ORQUIDEA OLEO',NULL,17,0,'2024-07-18 13:27:23','20','UN',0.00),(162,'REFIL 250 ML DIFUSOR AROMA ROMA OLEO',NULL,17,0,'2024-07-18 13:27:23','25','UN',0.00),(163,'REFIL 250 ML DIFUSOR AROMA SWEET OLEO',NULL,17,0,'2024-07-18 13:27:23','3','UN',0.00),(164,'REFIL 250 ML DIFUSOR AROMA TENUE OLEO',NULL,17,0,'2024-07-18 13:27:23','1','UN',0.00),(165,'REFIL 250 ML DIFUSOR AROMA TULIPA OLEO',NULL,17,0,'2024-07-18 13:27:23',NULL,'UN',0.00),(166,'REFIL 250 ML DIFUSOR AROMA VANILLA OLEO',NULL,17,0,'2024-07-18 13:27:23','7','UN',0.00),(167,'REFIL 250 ML DIFUSOR AROMA VERAO OLEO',NULL,17,0,'2024-07-18 13:27:23','28','UN',0.00),(168,'REFIL 250 ML DIFUSOR AROMA VERBENA E ALECRIM OLEO',NULL,17,0,'2024-07-18 13:27:23','11','UN',0.00),(169,'REFIL 250 ML DIFUSOR AROMA VERBENA E LIMAO SIC OLEO',NULL,17,0,'2024-07-18 13:27:23','27','UN',0.00),(170,'REFIL 250 ML DIFUSOR FLEUR BLANCHE OLEO',NULL,17,0,'2024-07-18 13:27:23','6','UN',0.00),(171,'REFIL 250 ML HOME SPRAY AROMA BAMBOO',NULL,17,0,'2024-07-18 13:27:23','19','UN',0.00),(172,'REFIL 250 ML SABONETE AROMA ALECRIM GLITTER',NULL,27,0,'2024-07-18 13:27:23','24','UN',0.00),(173,'REFIL 250 ML SABONETE AROMA BABY',NULL,19,0,'2024-07-18 13:27:23','8','UN',0.00),(174,'REFIL 250 ML SABONETE AROMA BLUE GLITTER',NULL,27,0,'2024-07-18 13:27:23','14','UN',0.00),(175,'REFIL 250 ML SABONETE AROMA CAPIM LIMAO',NULL,19,0,'2024-07-18 13:27:23','10','UN',0.00),(176,'REFIL 250 ML SABONETE AROMA CRAVO E CANELA GLITTER',NULL,27,0,'2024-07-18 13:27:23','5','UN',0.00),(177,'REFIL 250 ML SABONETE AROMA FLEUR BLANCHE GLITTER',NULL,27,0,'2024-07-18 13:27:23','6','UN',0.00),(178,'REFIL 250 ML SABONETE AROMA FOLHAS E ERVAS',NULL,19,0,'2024-07-18 13:27:23','17','UN',0.00),(179,'REFIL 250 ML SABONETE AROMA FOLHAS VERDES',NULL,19,0,'2024-07-18 13:27:23','4','UN',0.00),(180,'REFIL 250 ML SABONETE AROMA LAVANDA',NULL,19,0,'2024-07-18 13:27:23','2','UN',0.00),(181,'REFIL 250 ML SABONETE AROMA MACA E CANELA',NULL,19,0,'2024-07-18 13:27:23','21','UN',0.00),(182,'REFIL 250 ML SABONETE AROMA MAGIC GARDEN GLITTER',NULL,27,0,'2024-07-18 13:27:23','16','UN',0.00),(183,'REFIL 250 ML SABONETE AROMA MAGNIFIQUE GLITTER',NULL,27,0,'2024-07-18 13:27:23','23','UN',0.00),(184,'REFIL 250 ML SABONETE AROMA ORQUIDEA',NULL,19,0,'2024-07-18 13:27:23','20','UN',0.00),(185,'REFIL 250 ML SABONETE AROMA ROMA GLITTER',NULL,27,0,'2024-07-18 13:27:23','25','UN',0.00),(186,'REFIL 250 ML SABONETE AROMA SWEET GLITTER',NULL,27,0,'2024-07-18 13:27:23','3','UN',0.00),(187,'REFIL 250 ML SABONETE AROMA TENUE',NULL,19,0,'2024-07-18 13:27:23','1','UN',0.00),(188,'REFIL 250 ML SABONETE AROMA TENUE GLITTER',NULL,27,0,'2024-07-18 13:27:23','1','UN',0.00),(189,'REFIL 250 ML SABONETE AROMA TULIPA',NULL,19,0,'2024-07-18 13:27:23',NULL,'UN',0.00),(190,'REFIL 250 ML SABONETE AROMA VANILLA',NULL,19,0,'2024-07-18 13:27:23','7','UN',0.00),(191,'REFIL 250 ML SABONETE AROMA VERAO',NULL,19,0,'2024-07-18 13:27:23','28','UN',0.00),(192,'REFIL 250 ML SABONETE AROMA VERBENA E ALECRIM',NULL,19,0,'2024-07-18 13:27:23','11','UN',0.00),(193,'REFIL 250ML SABONETE AROMA BOTANIC',NULL,19,0,'2024-07-18 13:27:23',NULL,'UN',0.00),(194,'REFIL 250ML SABONETE AROMA FLOR DE ALGODAO',NULL,19,0,'2024-07-18 13:27:23','26','UN',0.00),(195,'REFIL 500 ML DIFUSOR AROMA ALECRIM OLEO',NULL,18,0,'2024-07-18 13:27:23','24','UN',0.00),(196,'REFIL 500 ML DIFUSOR AROMA BLUE OLEO',NULL,18,0,'2024-07-18 13:27:23','14','UN',0.00),(197,'REFIL 500 ML DIFUSOR AROMA CAPIM LIMAO OLEO',NULL,18,0,'2024-07-18 13:27:23','10','UN',0.00),(198,'REFIL 500 ML DIFUSOR AROMA FLEUR BLANCHE OLEO',NULL,18,0,'2024-07-18 13:27:23','6','UN',0.00),(199,'REFIL 500 ML DIFUSOR AROMA FLOR DE FIGO OLEO',NULL,18,0,'2024-07-18 13:27:23','13','UN',0.00),(200,'REFIL 500 ML DIFUSOR AROMA FOLHAS E ERVAS OLEO',NULL,18,0,'2024-07-18 13:27:23','17','UN',0.00),(201,'REFIL 500 ML DIFUSOR AROMA FOLHAS VERDES OLEO',NULL,18,0,'2024-07-18 13:27:23','4','UN',0.00),(202,'REFIL 500 ML DIFUSOR AROMA ORQUIDEA OLEO',NULL,18,0,'2024-07-18 13:27:23','20','UN',0.00),(203,'REFIL 500 ML DIFUSOR AROMA ROMA OLEO',NULL,18,0,'2024-07-18 13:27:23','25','UN',0.00),(204,'REFIL 500 ML DIFUSOR AROMA SWEET OLEO',NULL,18,0,'2024-07-18 13:27:23','3','UN',0.00),(205,'REFIL 500 ML DIFUSOR AROMA TENUE OLEO',NULL,18,0,'2024-07-18 13:27:23','1','UN',0.00),(206,'REFIL 500 ML DIFUSOR AROMA TULIPA OLEO',NULL,18,0,'2024-07-18 13:27:23',NULL,'UN',0.00),(207,'REFIL 500 ML DIFUSOR AROMA VERAO OLEO',NULL,18,0,'2024-07-18 13:27:23','28','UN',0.00),(208,'REFIL 500 ML DIFUSOR AROMA VERBENA E ALECRIM OLEO',NULL,18,0,'2024-07-18 13:27:23','11','UN',0.00),(209,'REFIL 500 ML DIFUSOR AROMA VERBENA E LIMAO SIC OLEO',NULL,18,0,'2024-07-18 13:27:23','27','UN',0.00),(210,'REFIL 500 ML HOME SPRAY AROMA BAMBOO',NULL,18,0,'2024-07-18 13:27:23','19','UN',0.00),(211,'REFIL 500 ML SABONETE AROMA BAMBOO',NULL,20,0,'2024-07-18 13:27:23','19','UN',0.00),(212,'REFIL 500 ML SABONETE AROMA FLEUR BLANCHE',NULL,20,0,'2024-07-18 13:27:23','6','UN',0.00),(213,'REFIL 500 ML SABONETE AROMA FLOR DE FIGO GLITTER',NULL,26,0,'2024-07-18 13:27:23','13','UN',0.00),(214,'REFIL 500 ML SABONETE AROMA ROMA GLITTER',NULL,26,0,'2024-07-18 13:27:23','25','UN',0.00),(215,'REFIL 500 ML SABONETE AROMA TENUE',NULL,20,0,'2024-07-18 13:27:23','1','UN',0.00),(216,'REFIL 500 ML SABONETE AROMA TENUE GLITTER',NULL,26,0,'2024-07-18 13:27:23','1','UN',0.00),(217,'REFIL 500ML DIFUSOR AROMA CRAVO E CANELA OLEO',NULL,18,0,'2024-07-18 13:27:23','5','UN',0.00),(218,'REFIL 510ML DIFUSOR AROMA DOLCE MEMORIES',NULL,18,0,'2024-07-18 13:27:23','32','UN',0.00),(219,'REFIL OLEO DIFUSOR DE AROMAS MASTERCHEF 250 ML',NULL,17,0,'2024-07-18 13:27:23',NULL,'UN',0.00),(220,'REFIL OLEO DIFUSOR DE AROMAS MASTERCHEF BERGAMOTA ITALIANA E ERVAS FINAS 250ML',NULL,17,0,'2024-07-18 13:27:23',NULL,'UN',0.00),(221,'REFIL OLEO DIFUSOR DE AROMAS RAIZES DO BRASIL 500 ML',NULL,18,0,'2024-07-18 13:27:23','33','UN',0.00),(222,'REFIL SABONETE ESPUMADOR 250ML FLOR DE FIGO',NULL,19,0,'2024-07-18 13:27:23','13','UN',0.00),(223,'REFIL SABONETE ESPUMADOR 250ML ROMA',NULL,19,0,'2024-07-18 13:27:23','25','UN',0.00),(224,'REFIL SABONETE ESPUMADOR 250ML TENUE',NULL,19,0,'2024-07-18 13:27:23','1','UN',0.00),(225,'REFIL SABONETE ESPUMADOR 250ML VERBENALIMAO SICILIA',NULL,19,0,'2024-07-18 13:27:23',NULL,'UN',0.00),(226,'REFIL SABONETE GLITTER VERBENA E LIMAO SIC 250ML',NULL,27,0,'2024-07-18 13:27:23','27','UN',0.00),(227,'REFIL SABONETES CREMOSOS RAIZES DO BRASIL 120 G',NULL,21,0,'2024-07-18 13:27:23','33','UN',0.00),(228,'SABONETE ROMA 270ML',NULL,22,0,'2024-07-18 13:27:23','25','UN',0.00),(229,'SABONETE TENUE 210 ML',NULL,22,0,'2024-07-18 13:27:23','1','UN',0.00),(230,'SABONETE TENUE 270ML',NULL,22,0,'2024-07-18 13:27:23','1','UN',0.00),(231,'SABONETE VERBLIMAO SICILIANO 270ML',NULL,22,0,'2024-07-18 13:27:23',NULL,'UN',0.00),(232,'SABONETE BARRA FLOR DE FIGO KIT COM 2 UN',NULL,22,0,'2024-07-18 13:27:23','13','UN',0.00),(233,'SABONETE CREMOSOS KIT COM 4 UNID 90G CD',NULL,22,0,'2024-07-18 13:27:23',NULL,'UN',0.00),(234,'SABONETE DE AROMAS FLOR DE FIGO 700 ML',NULL,22,0,'2024-07-18 13:27:23','13','UN',0.00),(235,'SABONETE EM BARRA FLOR DE FIGO 200 G',NULL,22,0,'2024-07-18 13:27:23','13','UN',0.00),(236,'SABONETE EM BARRA ROMA 200 G',NULL,22,0,'2024-07-18 13:27:23','25','UN',0.00),(237,'SABONETE EM BARRA ROMA KIT COM 2 UN',NULL,22,0,'2024-07-18 13:27:23','25','UN',0.00),(238,'SABONETE EM BARRA TENUE 200 G',NULL,22,0,'2024-07-18 13:27:23','1','UN',0.00),(239,'SABONETE EM BARRA TENUE KIT COM 2 UN',NULL,22,0,'2024-07-18 13:27:23','1','UN',0.00),(240,'SABONETE EM BARRA VERB E LIM SIC 200G',NULL,22,0,'2024-07-18 13:27:23',NULL,'UN',0.00),(241,'SABONETE EM BARRA VERBENA KIT COM 2 UN',NULL,22,0,'2024-07-18 13:27:23',NULL,'UN',0.00),(242,'SABONETE FLOR DE FIGO 270ML',NULL,22,0,'2024-07-18 13:27:23','13','UN',0.00),(243,'SABONETE GLITTER TENUE 120 ML',NULL,25,0,'2024-07-18 13:27:23','1','UN',0.00),(244,'SABONETE GLITTER ALECRIM 120 ML',NULL,25,0,'2024-07-18 13:27:23','24','UN',0.00),(245,'SABONETE GLITTER CRAVO E CANELA 250 ML',NULL,25,0,'2024-07-18 13:27:23','5','UN',0.00),(246,'SABONETE GLITTER FLOR DE ALGODAO 300 ML',NULL,25,0,'2024-07-18 13:27:23','26','UN',0.00),(247,'SABONETE GLITTER FLOR DE ALGODAO MAE QUERIDA 210 ML',NULL,25,0,'2024-07-18 13:27:23','26','UN',0.00),(248,'SABONETE GLITTER FLOR DE FIGO MAE QUERIDA 210 ML',NULL,25,0,'2024-07-18 13:27:23','13','UN',0.00),(249,'SABONETE GLITTER SWEET 300 ML',NULL,25,0,'2024-07-18 13:27:23','3','UN',0.00),(250,'SABONETE GLITTER TENUE 350 ML',NULL,25,0,'2024-07-18 13:27:23','1','UN',0.00),(251,'SABONETE GLITTER TENUE MAE QUERIDA 210 ML',NULL,25,0,'2024-07-18 13:27:23','1','UN',0.00),(252,'SABONETE LIQUIDO BAMBOO 210 ML',NULL,22,0,'2024-07-18 13:27:23','19','UN',0.00),(253,'SABONETE LIQUIDO BLUE 250 ML',NULL,22,0,'2024-07-18 13:27:23','14','UN',0.00),(254,'SABONETE LIQUIDO CAPIM LIMAO 250 ML',NULL,22,0,'2024-07-18 13:27:23','10','UN',0.00),(255,'SABONETE LIQUIDO CLASSIC BABY 250ML',NULL,22,0,'2024-07-18 13:27:23','8','UN',0.00),(256,'SABONETE LIQUIDO FLEUR BLANCHE 700 ML',NULL,22,0,'2024-07-18 13:27:23','6','UN',0.00),(257,'SABONETE LIQUIDO FLEUR BLANCHE 250 ML',NULL,22,0,'2024-07-18 13:27:23','6','UN',0.00),(258,'SABONETE LIQUIDO FLOR DE FIGO 120 ML',NULL,22,0,'2024-07-18 13:27:23','13','UN',0.00),(259,'SABONETE LIQUIDO FOLHAS E ERVAS 350 ML',NULL,22,0,'2024-07-18 13:27:23','17','UN',0.00),(260,'SABONETE LIQUIDO FOLHAS VERDES 250ML',NULL,22,0,'2024-07-18 13:27:23','4','UN',0.00),(261,'SABONETE LIQUIDO GLITTER FLOR DE FIGO 300 ML',NULL,25,0,'2024-07-18 13:27:23','13','UN',0.00),(262,'SABONETE LIQUIDO GLITTER AROMA ALECRIM 250 ML',NULL,25,0,'2024-07-18 13:27:23','24','UN',0.00),(263,'SABONETE LIQUIDO LAMOUR DE SOI 300ML',NULL,22,0,'2024-07-18 13:27:23','31','UN',0.00),(264,'SABONETE LIQUIDO LAVANDA 250 ML',NULL,22,0,'2024-07-18 13:27:23','2','UN',0.00),(265,'SABONETE LIQUIDO MACA E CANELA 250ML',NULL,22,0,'2024-07-18 13:27:23','21','UN',0.00),(266,'SABONETE LIQUIDO MAGIC GARDEN 200 ML',NULL,22,0,'2024-07-18 13:27:23','16','UN',0.00),(267,'SABONETE LIQUIDO MAGNIFIQUE 200ML',NULL,22,0,'2024-07-18 13:27:23','23','UN',0.00),(268,'SABONETE LIQUIDO NEUTRALIZADOR DE ODORES 500 ML',NULL,22,0,'2024-07-18 13:27:23',NULL,'UN',0.00),(269,'SABONETE LIQUIDO NEUTRALIZADOR DE ODORES MASTERCHEF 500 ML',NULL,22,0,'2024-07-18 13:27:23',NULL,'UN',0.00),(270,'SABONETE LIQUIDO NEUTRALIZADOR DE ODORES MASTERCHEF BERGAMOTA ITALIANA E ERVAS FINAS 500 ML',NULL,22,0,'2024-07-18 13:27:23',NULL,'UN',0.00),(271,'SABONETE LIQUIDO ORQUIDEA 210 ML',NULL,22,0,'2024-07-18 13:27:23','20','UN',0.00),(272,'SABONETE LIQUIDO ORQUIDEA 250 ML',NULL,22,0,'2024-07-18 13:27:23','20','UN',0.00),(273,'SABONETE LIQUIDO ROMA 120ML',NULL,22,0,'2024-07-18 13:27:23','25','UN',0.00),(274,'SABONETE LIQUIDO ROMA 250ML',NULL,22,0,'2024-07-18 13:27:23','25','UN',0.00),(275,'SABONETE LIQUIDO ROMA 700 ML',NULL,22,0,'2024-07-18 13:27:23','25','UN',0.00),(276,'SABONETE LIQUIDO SAGRADA FAMILIA 250ML',NULL,22,0,'2024-07-18 13:27:23',NULL,'UN',0.00),(277,'SABONETE LIQUIDO TENUE 250 ML',NULL,22,0,'2024-07-18 13:27:23','1','UN',0.00),(278,'SABONETE LIQUIDO TENUE 700 ML',NULL,22,0,'2024-07-18 13:27:23','1','UN',0.00),(279,'SABONETE LIQUIDO VANILLA 250ML',NULL,22,0,'2024-07-18 13:27:23','7','UN',0.00),(280,'SABONETE LIQUIDO VERAO 250ML',NULL,22,0,'2024-07-18 13:27:23','28','UN',0.00),(281,'SABONETE LIQUIDO VERBENA E ALECRIM 300ML',NULL,22,0,'2024-07-18 13:27:23','11','UN',0.00),(282,'SABONETE LIQUIDO VERBENA E LIMAO SICILIANO 300 ML',NULL,22,0,'2024-07-18 13:27:23','27','UN',0.00),(283,'SABONETES CREMOSOS RAIZES DO BRASIL 120 G COM POTICHE',NULL,22,0,'2024-07-18 13:27:23','33','UN',0.00),(284,'SACOLAS GRANDES',NULL,23,0,'2024-07-18 13:27:23',NULL,'UN',0.00),(285,'SACOLAS GRANDES BOTA',NULL,23,0,'2024-07-18 13:27:23',NULL,'UN',0.00),(286,'SACOLAS MEDIAS',NULL,23,0,'2024-07-18 13:27:23',NULL,'UN',0.00),(287,'SACOLAS PEQUENAS',NULL,23,0,'2024-07-18 13:27:23',NULL,'UN',0.00),(288,'VELA PERFUMADA AROMA FLEUR BLANCHE 170G',NULL,24,0,'2024-07-18 13:27:23','6','UN',0.00),(289,'VELA PERFUMADA AROMA FLOR DE FIGO 170G',NULL,24,0,'2024-07-18 13:27:23','13','UN',0.00),(290,'VELA PERFUMADA AROMA ROMA 170G',NULL,24,0,'2024-07-18 13:27:23','25','UN',0.00),(291,'VELA PERFUMADA AROMA TENUE 170G',NULL,24,0,'2024-07-18 13:27:23','1','UN',0.00),(292,'VELA PERFUMADA MASTERCHEF 170G',NULL,24,0,'2024-07-18 13:27:23',NULL,'UN',0.00),(293,'VELA PERFUMADA MASTERCHEF BERGAMOTA ITALIANA E ERVAS FINAS 170 G',NULL,24,0,'2024-07-18 13:27:23',NULL,'UN',0.00),(294,'VELA PERFUMADA RAIZES DO BRASIL 300G',NULL,24,0,'2024-07-18 13:27:23','33','UN',0.00);
/*!40000 ALTER TABLE `produtos` ENABLE KEYS */;
UNLOCK TABLES;

--
-- Table structure for table `tipo_insumo`
--

DROP TABLE IF EXISTS `tipo_insumo`;
/*!40101 SET @saved_cs_client     = @@character_set_client */;
/*!50503 SET character_set_client = utf8mb4 */;
CREATE TABLE `tipo_insumo` (
  `id` int(11) NOT NULL AUTO_INCREMENT,
  `nome` varchar(255) NOT NULL,
  PRIMARY KEY (`id`)
) ENGINE=InnoDB AUTO_INCREMENT=2 DEFAULT CHARSET=latin1;
/*!40101 SET character_set_client = @saved_cs_client */;

--
-- Dumping data for table `tipo_insumo`
--

LOCK TABLES `tipo_insumo` WRITE;
/*!40000 ALTER TABLE `tipo_insumo` DISABLE KEYS */;
INSERT INTO `tipo_insumo` VALUES (1,'Frasco de Vidro');
/*!40000 ALTER TABLE `tipo_insumo` ENABLE KEYS */;
UNLOCK TABLES;

--
-- Table structure for table `tipo_produto`
--

DROP TABLE IF EXISTS `tipo_produto`;
/*!40101 SET @saved_cs_client     = @@character_set_client */;
/*!50503 SET character_set_client = utf8mb4 */;
CREATE TABLE `tipo_produto` (
  `id` int(11) NOT NULL AUTO_INCREMENT,
  `nome_categoria` varchar(255) NOT NULL,
  `sigla` varchar(5) DEFAULT NULL,
  PRIMARY KEY (`id`)
) ENGINE=InnoDB AUTO_INCREMENT=28 DEFAULT CHARSET=latin1;
/*!40101 SET character_set_client = @saved_cs_client */;

--
-- Dumping data for table `tipo_produto`
--

LOCK TABLES `tipo_produto` WRITE;
/*!40000 ALTER TABLE `tipo_produto` DISABLE KEYS */;
INSERT INTO `tipo_produto` VALUES (1,'AGUA PERFUMADA','AP'),(2,'ALCOOL',NULL),(3,'ARMACAO',NULL),(4,'AROMATIZADOR','SP'),(5,'BANDEJA','BD'),(6,'BODY SPLASH','BS'),(7,'CREME PARA AS MAOS','HD'),(8,'DIFUSOR','DI'),(9,'ENVELOPE','SC'),(10,'ESSENCIA','ES'),(11,'HOME SPRAY','SP'),(12,'KIT','KT'),(13,'LOCAO','LOC'),(14,'PARFUM','PF'),(15,'POT POURRI','PO'),(16,'PROVADORES',NULL),(17,'REFIL DIFUSOR 250ML','DI'),(18,'REFIL DIFUSOR 500ML','DI'),(19,'REFIL SABONETE 250ML','SB'),(20,'REFIL SABONETE 500ML','SB'),(21,'REFIL SABONETE 120G',NULL),(22,'SABONETE','SB'),(23,'SACOLAS',NULL),(24,'VELAS','VL'),(25,'SABONETE GLITER','SG'),(26,'REFIL SABONETE GLITTER 500ML','SG'),(27,'REFIL SABONETE GLITTER 250ML','SG');
/*!40000 ALTER TABLE `tipo_produto` ENABLE KEYS */;
UNLOCK TABLES;

--
-- Table structure for table `usuarios`
--

DROP TABLE IF EXISTS `usuarios`;
/*!40101 SET @saved_cs_client     = @@character_set_client */;
/*!50503 SET character_set_client = utf8mb4 */;
CREATE TABLE `usuarios` (
  `id` int(11) NOT NULL AUTO_INCREMENT,
  `nome` varchar(255) DEFAULT NULL,
  `tipo` varchar(50) DEFAULT NULL,
  `login` varchar(50) DEFAULT NULL,
  `senha` varchar(255) DEFAULT NULL,
  `primeiro_login` varchar(3) DEFAULT NULL,
  PRIMARY KEY (`id`)
) ENGINE=InnoDB AUTO_INCREMENT=37 DEFAULT CHARSET=latin1;
/*!40101 SET character_set_client = @saved_cs_client */;

--
-- Dumping data for table `usuarios`
--

LOCK TABLES `usuarios` WRITE;
/*!40000 ALTER TABLE `usuarios` DISABLE KEYS */;
INSERT INTO `usuarios` VALUES (1,'Victor G','admin','victorg','$2b$05$NhVwnHUYqC4iSzNJ/ayFqu.uRycQ.9VfYoFd90xoYyAhTOh/J1zpO','nao'),(34,'Heber','almoxarifado','gelado','$2b$05$j712RUPKlIAYN3ZYoqltSOJHMtCc7FLA6lHjcQ1of/u9leqoXcNYS','nao'),(36,'Miguel','almoxarifado','minox','$2b$05$gR5jODCB1A9U1LZWBMvLc.ICc8AM4J7GzH6yz4c6ziIDSW9A7fSe6','nao');
/*!40000 ALTER TABLE `usuarios` ENABLE KEYS */;
UNLOCK TABLES;

--
-- Dumping events for database 'danifernandes'
--

--
-- Dumping routines for database 'danifernandes'
--
/*!40103 SET TIME_ZONE=@OLD_TIME_ZONE */;

/*!40101 SET SQL_MODE=@OLD_SQL_MODE */;
/*!40014 SET FOREIGN_KEY_CHECKS=@OLD_FOREIGN_KEY_CHECKS */;
/*!40014 SET UNIQUE_CHECKS=@OLD_UNIQUE_CHECKS */;
/*!40101 SET CHARACTER_SET_CLIENT=@OLD_CHARACTER_SET_CLIENT */;
/*!40101 SET CHARACTER_SET_RESULTS=@OLD_CHARACTER_SET_RESULTS */;
/*!40101 SET COLLATION_CONNECTION=@OLD_COLLATION_CONNECTION */;
/*!40111 SET SQL_NOTES=@OLD_SQL_NOTES */;

-- Dump completed on 2024-08-15 12:34:05
